{"cameraMode":{"drawMode":0,"name":"Shaded","section":"Shading Mode"},"sceneLighting":false,"audioPlay":false,"sceneViewState":{"showFog":false,"showMaterialUpdate":false,"showSkybox":false,"showFlares":false,"showImageEffects":false,"showParticleSystems":true},"in2DMode":false,"pivot":{"x":9.611486434936524,"y":5.322275638580322,"z":17.051576614379884},"rotation":{"x":0.5943251848220825,"y":-0.12643709778785706,"z":0.0953015461564064,"w":0.7884879112243652},"size":14.390448570251465,"orthographic":false}