{"cameraMode":{"drawMode":0,"name":"Shaded","section":"Shading Mode"},"sceneLighting":true,"audioPlay":false,"sceneViewState":{"showFog":false,"showMaterialUpdate":false,"showSkybox":false,"showFlares":false,"showImageEffects":false,"showParticleSystems":true},"in2DMode":false,"pivot":{"x":-20.716617584228517,"y":0.8917516469955444,"z":-3.6305508613586427},"rotation":{"x":0.4017084538936615,"y":-0.008241969160735608,"z":0.0036152552347630264,"w":0.915725827217102},"size":133.4718780517578,"orthographic":false}